-- HomeWiz Database Export
-- Exported on: 2025-06-26T23:23:34.051Z

-- OPERATORS DATA
INSERT INTO operators (operator_id, name, email, phone, role, active, date_joined, last_active, operator_type, permissions, notification_preferences, working_hours, emergency_contact, calendar_sync_enabled, calendar_external_id) VALUES (1, 'John Manager', 'john.manager@homewiz.com', '(415)555-0101', 'Property Manager', true, '2024-12-27', '2025-06-25', 'LEASING_AGENT', NULL, 'EMAIL', NULL, false, false, NULL);
INSERT INTO operators (operator_id, name, email, phone, role, active, date_joined, last_active, operator_type, permissions, notification_preferences, working_hours, emergency_contact, calendar_sync_enabled, calendar_external_id) VALUES (2, 'Sarah Admin', 'sarah.admin@homewiz.com', '(415)555-0102', 'Assistant Manager', true, '2024-12-27', '2025-06-25', 'LEASING_AGENT', NULL, 'EMAIL', NULL, false, false, NULL);
INSERT INTO operators (operator_id, name, email, phone, role, active, date_joined, last_active, operator_type, permissions, notification_preferences, working_hours, emergency_contact, calendar_sync_enabled, calendar_external_id) VALUES (3, 'Mike Maintenance', 'mike.maintenance@homewiz.com', '(415)555-0103', 'Maintenance', true, '2024-12-27', '2025-06-25', 'LEASING_AGENT', NULL, 'EMAIL', NULL, false, false, NULL);
INSERT INTO operators (operator_id, name, email, phone, role, active, date_joined, last_active, operator_type, permissions, notification_preferences, working_hours, emergency_contact, calendar_sync_enabled, calendar_external_id) VALUES (4, 'Lisa Leasing', 'lisa.leasing@homewiz.com', '(415)555-0104', 'Leasing Agent', true, '2024-12-27', '2025-06-25', 'LEASING_AGENT', NULL, 'EMAIL', NULL, false, false, NULL);
INSERT INTO operators (operator_id, name, email, phone, role, active, date_joined, last_active, operator_type, permissions, notification_preferences, working_hours, emergency_contact, calendar_sync_enabled, calendar_external_id) VALUES (5, 'Tom Support', 'tom.support@homewiz.com', '(415)555-0105', 'Leasing Agent', true, '2024-12-27', '2025-06-25', 'LEASING_AGENT', NULL, 'EMAIL', NULL, false, false, NULL);
INSERT INTO operators (operator_id, name, email, phone, role, active, date_joined, last_active, operator_type, permissions, notification_preferences, working_hours, emergency_contact, calendar_sync_enabled, calendar_external_id) VALUES (6, 'Kausha ', 'Trivei.aku@northeastern.edu', '(123) 456-7890', 'Assistant Manager', true, '2025-06-26', NULL, 'LEASING_AGENT', NULL, 'EMAIL', NULL, false, false, NULL);

-- BUILDINGS DATA
INSERT INTO buildings (building_id, building_name, full_address, operator_id, available, street, area, city, state, zip, floors, total_rooms, total_bathrooms, bathrooms_on_each_floor, common_kitchen, min_lease_term, pref_min_lease_term, wifi_included, laundry_onsite, common_area, secure_access, bike_storage, rooftop_access, pet_friendly, cleaning_common_spaces, utilities_included, fitness_area, work_study_area, social_events, nearby_conveniences_walk, nearby_transportation, priority, created_at, last_modified, year_built, last_renovation, building_rules, amenities_details, neighborhood_description, building_description, public_transit_info, parking_info, security_features, disability_access, disability_features, building_images, virtual_tour_url) VALUES ('BLD_MARKET', 'Market Street Residences', '1000 Market St', 1, true, 'Market St', 'Downtown', 'San Francisco', 'CA', '94102', 8, 20, 16, 2, 'Premium', 6, 12, true, true, 'Modern Lounge', true, true, true, 'Small Pets', 'Daily', true, true, true, true, 'Shops, Restaurants', 'BART, MUNI', 1, '2025-06-25T18:21:42.709852+00:00', '2025-06-25T18:21:42.709852+00:00', NULL, NULL, NULL, NULL, NULL, NULL, NULL, NULL, NULL, false, NULL, NULL, NULL);
INSERT INTO buildings (building_id, building_name, full_address, operator_id, available, street, area, city, state, zip, floors, total_rooms, total_bathrooms, bathrooms_on_each_floor, common_kitchen, min_lease_term, pref_min_lease_term, wifi_included, laundry_onsite, common_area, secure_access, bike_storage, rooftop_access, pet_friendly, cleaning_common_spaces, utilities_included, fitness_area, work_study_area, social_events, nearby_conveniences_walk, nearby_transportation, priority, created_at, last_modified, year_built, last_renovation, building_rules, amenities_details, neighborhood_description, building_description, public_transit_info, parking_info, security_features, disability_access, disability_features, building_images, virtual_tour_url) VALUES ('BLD_SOMA', 'SoMA Commons', '500 Harrison St', 2, true, 'Harrison St', 'SoMA', 'San Francisco', 'CA', '94105', 6, 15, 12, 2, 'Full', 3, 6, true, true, 'Community Hub', true, true, false, 'Cats Only', 'Weekly', true, true, false, true, 'Cafes, Bars', 'Caltrain, MUNI', 2, '2025-06-25T18:21:42.709852+00:00', '2025-06-25T18:21:42.709852+00:00', NULL, NULL, NULL, NULL, NULL, NULL, NULL, NULL, NULL, false, NULL, NULL, NULL);
INSERT INTO buildings (building_id, building_name, full_address, operator_id, available, street, area, city, state, zip, floors, total_rooms, total_bathrooms, bathrooms_on_each_floor, common_kitchen, min_lease_term, pref_min_lease_term, wifi_included, laundry_onsite, common_area, secure_access, bike_storage, rooftop_access, pet_friendly, cleaning_common_spaces, utilities_included, fitness_area, work_study_area, social_events, nearby_conveniences_walk, nearby_transportation, priority, created_at, last_modified, year_built, last_renovation, building_rules, amenities_details, neighborhood_description, building_description, public_transit_info, parking_info, security_features, disability_access, disability_features, building_images, virtual_tour_url) VALUES ('BLD_MISSION', 'Mission Heights', '2500 Mission St', 3, true, 'Mission St', 'Mission', 'San Francisco', 'CA', '94110', 5, 15, 10, 2, 'Basic', 3, 6, true, true, 'Social Space', true, true, false, 'No', 'Weekly', false, false, true, true, 'Restaurants, Shops', 'BART, Bus Lines', 2, '2025-06-25T18:21:42.709852+00:00', '2025-06-25T18:21:42.709852+00:00', NULL, NULL, NULL, NULL, NULL, NULL, NULL, NULL, NULL, false, NULL, NULL, NULL);
INSERT INTO buildings (building_id, building_name, full_address, operator_id, available, street, area, city, state, zip, floors, total_rooms, total_bathrooms, bathrooms_on_each_floor, common_kitchen, min_lease_term, pref_min_lease_term, wifi_included, laundry_onsite, common_area, secure_access, bike_storage, rooftop_access, pet_friendly, cleaning_common_spaces, utilities_included, fitness_area, work_study_area, social_events, nearby_conveniences_walk, nearby_transportation, priority, created_at, last_modified, year_built, last_renovation, building_rules, amenities_details, neighborhood_description, building_description, public_transit_info, parking_info, security_features, disability_access, disability_features, building_images, virtual_tour_url) VALUES ('BLD_HAYES', 'Hayes Valley Suites', '400 Hayes St', 4, true, 'Hayes St', 'Hayes Valley', 'San Francisco', 'CA', '94102', 4, 15, 8, 2, 'Full', 3, 6, true, true, 'Cozy Commons', true, true, false, 'Small Pets', 'Weekly', true, true, false, true, 'Boutiques, Cafes', 'MUNI, Bus Lines', 2, '2025-06-25T18:21:42.709852+00:00', '2025-06-25T18:21:42.709852+00:00', NULL, NULL, NULL, NULL, NULL, NULL, NULL, NULL, NULL, false, NULL, NULL, NULL);
INSERT INTO buildings (building_id, building_name, full_address, operator_id, available, street, area, city, state, zip, floors, total_rooms, total_bathrooms, bathrooms_on_each_floor, common_kitchen, min_lease_term, pref_min_lease_term, wifi_included, laundry_onsite, common_area, secure_access, bike_storage, rooftop_access, pet_friendly, cleaning_common_spaces, utilities_included, fitness_area, work_study_area, social_events, nearby_conveniences_walk, nearby_transportation, priority, created_at, last_modified, year_built, last_renovation, building_rules, amenities_details, neighborhood_description, building_description, public_transit_info, parking_info, security_features, disability_access, disability_features, building_images, virtual_tour_url) VALUES ('BLD_MARINA', 'Marina Bay Views', '2100 Chestnut St', 5, true, 'Chestnut St', 'Marina', 'San Francisco', 'CA', '94123', 6, 15, 12, 2, 'Premium', 6, 12, true, true, 'Luxury Lounge', true, true, true, 'All Pets', 'Daily', true, true, true, true, 'Whole Foods, Shops', 'MUNI, Bus Lines', 1, '2025-06-25T18:21:42.709852+00:00', '2025-06-25T18:21:42.709852+00:00', NULL, NULL, NULL, NULL, NULL, NULL, NULL, NULL, NULL, false, NULL, NULL, NULL);
INSERT INTO buildings (building_id, building_name, full_address, operator_id, available, street, area, city, state, zip, floors, total_rooms, total_bathrooms, bathrooms_on_each_floor, common_kitchen, min_lease_term, pref_min_lease_term, wifi_included, laundry_onsite, common_area, secure_access, bike_storage, rooftop_access, pet_friendly, cleaning_common_spaces, utilities_included, fitness_area, work_study_area, social_events, nearby_conveniences_walk, nearby_transportation, priority, created_at, last_modified, year_built, last_renovation, building_rules, amenities_details, neighborhood_description, building_description, public_transit_info, parking_info, security_features, disability_access, disability_features, building_images, virtual_tour_url) VALUES ('BLD_V6LU3FOZZI', 'dexter', '', NULL, true, NULL, NULL, '', '', NULL, 1, 0, 0, 0, 'None', 12, 1, true, true, NULL, true, false, false, 'No', 'Weekly professional cleaning', false, false, true, false, NULL, NULL, 0, '2025-06-25T18:24:07.96102+00:00', '2025-06-25T18:24:07.96102+00:00', NULL, NULL, NULL, NULL, NULL, NULL, NULL, NULL, NULL, false, NULL, '{}', NULL);
INSERT INTO buildings (building_id, building_name, full_address, operator_id, available, street, area, city, state, zip, floors, total_rooms, total_bathrooms, bathrooms_on_each_floor, common_kitchen, min_lease_term, pref_min_lease_term, wifi_included, laundry_onsite, common_area, secure_access, bike_storage, rooftop_access, pet_friendly, cleaning_common_spaces, utilities_included, fitness_area, work_study_area, social_events, nearby_conveniences_walk, nearby_transportation, priority, created_at, last_modified, year_built, last_renovation, building_rules, amenities_details, neighborhood_description, building_description, public_transit_info, parking_info, security_features, disability_access, disability_features, building_images, virtual_tour_url) VALUES ('BLD_J5QWXBEPUI', 'Dexter', '', NULL, true, NULL, NULL, '', '', NULL, 1, 0, 0, 0, 'None', 12, 1, true, true, NULL, true, false, false, 'No', 'Weekly professional cleaning', false, false, true, false, NULL, NULL, 0, '2025-06-25T18:47:28.85348+00:00', '2025-06-25T18:47:28.85348+00:00', NULL, NULL, NULL, NULL, NULL, NULL, NULL, NULL, NULL, false, NULL, '{}', NULL);
INSERT INTO buildings (building_id, building_name, full_address, operator_id, available, street, area, city, state, zip, floors, total_rooms, total_bathrooms, bathrooms_on_each_floor, common_kitchen, min_lease_term, pref_min_lease_term, wifi_included, laundry_onsite, common_area, secure_access, bike_storage, rooftop_access, pet_friendly, cleaning_common_spaces, utilities_included, fitness_area, work_study_area, social_events, nearby_conveniences_walk, nearby_transportation, priority, created_at, last_modified, year_built, last_renovation, building_rules, amenities_details, neighborhood_description, building_description, public_transit_info, parking_info, security_features, disability_access, disability_features, building_images, virtual_tour_url) VALUES ('BLD_GEXT7ONDY6', 'dexter', '', NULL, true, NULL, NULL, '', '', NULL, 1, 0, 0, 0, 'None', 12, 1, true, true, NULL, true, false, false, 'No', 'Weekly professional cleaning', false, false, true, false, NULL, NULL, 0, '2025-06-25T18:50:42.46197+00:00', '2025-06-25T18:50:42.46197+00:00', NULL, NULL, NULL, NULL, NULL, NULL, NULL, NULL, NULL, false, NULL, '{}', NULL);
INSERT INTO buildings (building_id, building_name, full_address, operator_id, available, street, area, city, state, zip, floors, total_rooms, total_bathrooms, bathrooms_on_each_floor, common_kitchen, min_lease_term, pref_min_lease_term, wifi_included, laundry_onsite, common_area, secure_access, bike_storage, rooftop_access, pet_friendly, cleaning_common_spaces, utilities_included, fitness_area, work_study_area, social_events, nearby_conveniences_walk, nearby_transportation, priority, created_at, last_modified, year_built, last_renovation, building_rules, amenities_details, neighborhood_description, building_description, public_transit_info, parking_info, security_features, disability_access, disability_features, building_images, virtual_tour_url) VALUES ('BLD_40754UKAEDX', 'Downtown Lofts', '', NULL, true, NULL, NULL, '', '', NULL, 1, 0, 0, 0, 'None', 12, 1, true, true, NULL, true, false, false, 'No', 'Weekly professional cleaning', false, false, true, false, NULL, NULL, 0, '2025-06-25T18:58:24.589429+00:00', '2025-06-25T18:58:24.589429+00:00', NULL, NULL, NULL, NULL, NULL, NULL, NULL, NULL, NULL, false, NULL, '{}', NULL);
INSERT INTO buildings (building_id, building_name, full_address, operator_id, available, street, area, city, state, zip, floors, total_rooms, total_bathrooms, bathrooms_on_each_floor, common_kitchen, min_lease_term, pref_min_lease_term, wifi_included, laundry_onsite, common_area, secure_access, bike_storage, rooftop_access, pet_friendly, cleaning_common_spaces, utilities_included, fitness_area, work_study_area, social_events, nearby_conveniences_walk, nearby_transportation, priority, created_at, last_modified, year_built, last_renovation, building_rules, amenities_details, neighborhood_description, building_description, public_transit_info, parking_info, security_features, disability_access, disability_features, building_images, virtual_tour_url) VALUES ('BLD_N37A1DHWA9', 'dextwe', '', NULL, true, NULL, NULL, '', '', NULL, 1, 0, 0, 0, 'None', 12, 1, true, true, NULL, true, false, false, 'No', 'Weekly professional cleaning', false, false, true, false, NULL, NULL, 0, '2025-06-25T19:02:51.090973+00:00', '2025-06-25T19:02:51.090973+00:00', NULL, NULL, NULL, NULL, NULL, NULL, NULL, NULL, NULL, false, NULL, '{}', NULL);
INSERT INTO buildings (building_id, building_name, full_address, operator_id, available, street, area, city, state, zip, floors, total_rooms, total_bathrooms, bathrooms_on_each_floor, common_kitchen, min_lease_term, pref_min_lease_term, wifi_included, laundry_onsite, common_area, secure_access, bike_storage, rooftop_access, pet_friendly, cleaning_common_spaces, utilities_included, fitness_area, work_study_area, social_events, nearby_conveniences_walk, nearby_transportation, priority, created_at, last_modified, year_built, last_renovation, building_rules, amenities_details, neighborhood_description, building_description, public_transit_info, parking_info, security_features, disability_access, disability_features, building_images, virtual_tour_url) VALUES ('BLD_2OCM37S5LY4', 'dexter', '', NULL, true, NULL, NULL, '', '', NULL, 1, 0, 0, 0, 'None', 12, 1, true, true, NULL, true, false, false, 'No', 'Weekly professional cleaning', false, false, true, false, NULL, NULL, 0, '2025-06-25T19:05:38.104296+00:00', '2025-06-25T19:05:38.104296+00:00', NULL, NULL, NULL, NULL, NULL, NULL, NULL, NULL, NULL, false, NULL, '{}', NULL);
INSERT INTO buildings (building_id, building_name, full_address, operator_id, available, street, area, city, state, zip, floors, total_rooms, total_bathrooms, bathrooms_on_each_floor, common_kitchen, min_lease_term, pref_min_lease_term, wifi_included, laundry_onsite, common_area, secure_access, bike_storage, rooftop_access, pet_friendly, cleaning_common_spaces, utilities_included, fitness_area, work_study_area, social_events, nearby_conveniences_walk, nearby_transportation, priority, created_at, last_modified, year_built, last_renovation, building_rules, amenities_details, neighborhood_description, building_description, public_transit_info, parking_info, security_features, disability_access, disability_features, building_images, virtual_tour_url) VALUES ('BLD_QAILBVARPH', 'Sunset Apartments', '', NULL, true, NULL, NULL, '', '', NULL, 1, 0, 0, 0, 'None', 12, 1, true, true, NULL, true, false, false, 'No', 'Weekly professional cleaning', false, false, true, false, NULL, NULL, 0, '2025-06-25T19:09:03.374111+00:00', '2025-06-25T19:09:03.374111+00:00', NULL, NULL, NULL, NULL, NULL, NULL, NULL, NULL, NULL, false, NULL, '{}', NULL);
INSERT INTO buildings (building_id, building_name, full_address, operator_id, available, street, area, city, state, zip, floors, total_rooms, total_bathrooms, bathrooms_on_each_floor, common_kitchen, min_lease_term, pref_min_lease_term, wifi_included, laundry_onsite, common_area, secure_access, bike_storage, rooftop_access, pet_friendly, cleaning_common_spaces, utilities_included, fitness_area, work_study_area, social_events, nearby_conveniences_walk, nearby_transportation, priority, created_at, last_modified, year_built, last_renovation, building_rules, amenities_details, neighborhood_description, building_description, public_transit_info, parking_info, security_features, disability_access, disability_features, building_images, virtual_tour_url) VALUES ('BLD_7NEHR869C52', 'Dexter', '', NULL, true, NULL, NULL, '', '', NULL, 1, 0, 0, 0, 'None', 12, 1, true, true, NULL, true, false, false, 'No', 'Weekly professional cleaning', false, false, true, false, NULL, NULL, 0, '2025-06-25T19:12:43.681266+00:00', '2025-06-25T19:12:47.516285+00:00', NULL, NULL, NULL, NULL, NULL, NULL, NULL, NULL, NULL, false, NULL, '{http://localhost:54321/storage/v1/object/public/building-images/buildings/BLD_7NEHR869C52/1750878767191_0_put-together-a-perfect-guest-room-1976987-hero-223e3e8f697e4b13b62ad4fe898d492d.webp}', NULL);
INSERT INTO buildings (building_id, building_name, full_address, operator_id, available, street, area, city, state, zip, floors, total_rooms, total_bathrooms, bathrooms_on_each_floor, common_kitchen, min_lease_term, pref_min_lease_term, wifi_included, laundry_onsite, common_area, secure_access, bike_storage, rooftop_access, pet_friendly, cleaning_common_spaces, utilities_included, fitness_area, work_study_area, social_events, nearby_conveniences_walk, nearby_transportation, priority, created_at, last_modified, year_built, last_renovation, building_rules, amenities_details, neighborhood_description, building_description, public_transit_info, parking_info, security_features, disability_access, disability_features, building_images, virtual_tour_url) VALUES ('BLD_QUMMHEI5Q2A', 'Sunset Apartments', '', NULL, true, NULL, NULL, '', '', NULL, 1, 0, 0, 0, 'None', 12, 1, true, true, NULL, true, false, false, 'No', 'Weekly professional cleaning', false, false, true, false, NULL, NULL, 0, '2025-06-25T19:15:52.645499+00:00', '2025-06-25T19:16:13.197741+00:00', NULL, NULL, NULL, NULL, NULL, NULL, NULL, NULL, NULL, false, NULL, '{http://localhost:54321/storage/v1/object/public/building-images/buildings/BLD_QUMMHEI5Q2A/1750878972919_0_put-together-a-perfect-guest-room-1976987-hero-223e3e8f697e4b13b62ad4fe898d492d.webp}', NULL);
INSERT INTO buildings (building_id, building_name, full_address, operator_id, available, street, area, city, state, zip, floors, total_rooms, total_bathrooms, bathrooms_on_each_floor, common_kitchen, min_lease_term, pref_min_lease_term, wifi_included, laundry_onsite, common_area, secure_access, bike_storage, rooftop_access, pet_friendly, cleaning_common_spaces, utilities_included, fitness_area, work_study_area, social_events, nearby_conveniences_walk, nearby_transportation, priority, created_at, last_modified, year_built, last_renovation, building_rules, amenities_details, neighborhood_description, building_description, public_transit_info, parking_info, security_features, disability_access, disability_features, building_images, virtual_tour_url) VALUES ('BLD_6ONETGLXASK', 'Downtown Lofts', '', NULL, true, NULL, NULL, '', '', NULL, 1, 0, 0, 0, 'None', 12, 1, true, true, NULL, true, false, false, 'No', 'Weekly professional cleaning', false, false, true, false, NULL, NULL, 0, '2025-06-25T20:36:28.715565+00:00', '2025-06-25T20:36:29.180792+00:00', NULL, NULL, NULL, NULL, NULL, NULL, NULL, NULL, NULL, false, NULL, '{http://localhost:54321/storage/v1/object/public/building-images/buildings/BLD_6ONETGLXASK/1750883788792_0_put-together-a-perfect-guest-room-1976987-hero-223e3e8f697e4b13b62ad4fe898d492d.webp}', NULL);
INSERT INTO buildings (building_id, building_name, full_address, operator_id, available, street, area, city, state, zip, floors, total_rooms, total_bathrooms, bathrooms_on_each_floor, common_kitchen, min_lease_term, pref_min_lease_term, wifi_included, laundry_onsite, common_area, secure_access, bike_storage, rooftop_access, pet_friendly, cleaning_common_spaces, utilities_included, fitness_area, work_study_area, social_events, nearby_conveniences_walk, nearby_transportation, priority, created_at, last_modified, year_built, last_renovation, building_rules, amenities_details, neighborhood_description, building_description, public_transit_info, parking_info, security_features, disability_access, disability_features, building_images, virtual_tour_url) VALUES ('BLD_H8SP3CMQZ8P', 'Heritage Square', '', NULL, true, NULL, NULL, '', '', NULL, 1, 0, 0, 0, 'None', 12, 1, true, true, NULL, true, false, false, 'No', 'Weekly professional cleaning', false, false, true, false, NULL, NULL, 0, '2025-06-25T20:40:00.527041+00:00', '2025-06-25T20:40:00.527041+00:00', NULL, NULL, NULL, NULL, NULL, NULL, NULL, NULL, NULL, false, NULL, '{}', NULL);
INSERT INTO buildings (building_id, building_name, full_address, operator_id, available, street, area, city, state, zip, floors, total_rooms, total_bathrooms, bathrooms_on_each_floor, common_kitchen, min_lease_term, pref_min_lease_term, wifi_included, laundry_onsite, common_area, secure_access, bike_storage, rooftop_access, pet_friendly, cleaning_common_spaces, utilities_included, fitness_area, work_study_area, social_events, nearby_conveniences_walk, nearby_transportation, priority, created_at, last_modified, year_built, last_renovation, building_rules, amenities_details, neighborhood_description, building_description, public_transit_info, parking_info, security_features, disability_access, disability_features, building_images, virtual_tour_url) VALUES ('BLD_T1YE9HWVDMC', 'City Center Plaza', '', NULL, true, NULL, NULL, '', '', NULL, 1, 0, 0, 0, 'None', 12, 1, true, true, NULL, true, false, false, 'No', 'Weekly professional cleaning', false, false, true, false, NULL, NULL, 0, '2025-06-25T20:53:17.492439+00:00', '2025-06-25T20:53:18.276226+00:00', NULL, NULL, NULL, NULL, NULL, NULL, NULL, NULL, NULL, false, NULL, '{http://localhost:54321/storage/v1/object/public/building-images/buildings/BLD_T1YE9HWVDMC/1750884797584_0_photo-1611892440504-42a792e24d32.avif}', NULL);
INSERT INTO buildings (building_id, building_name, full_address, operator_id, available, street, area, city, state, zip, floors, total_rooms, total_bathrooms, bathrooms_on_each_floor, common_kitchen, min_lease_term, pref_min_lease_term, wifi_included, laundry_onsite, common_area, secure_access, bike_storage, rooftop_access, pet_friendly, cleaning_common_spaces, utilities_included, fitness_area, work_study_area, social_events, nearby_conveniences_walk, nearby_transportation, priority, created_at, last_modified, year_built, last_renovation, building_rules, amenities_details, neighborhood_description, building_description, public_transit_info, parking_info, security_features, disability_access, disability_features, building_images, virtual_tour_url) VALUES ('BLD_1V660TVKYK1', 'Metro Heights', '', NULL, true, NULL, NULL, '', '', NULL, 1, 0, 0, 0, 'None', 12, 1, true, true, NULL, true, false, false, 'No', 'Weekly professional cleaning', false, false, true, false, NULL, NULL, 0, '2025-06-25T21:03:32.896523+00:00', '2025-06-25T21:03:33.243974+00:00', NULL, NULL, NULL, NULL, NULL, NULL, NULL, NULL, NULL, false, NULL, '{http://localhost:54321/storage/v1/object/public/building-images/buildings/BLD_1V660TVKYK1/1750885412964_0_photo-1611892440504-42a792e24d32.avif,http://localhost:54321/storage/v1/object/public/building-images/buildings/BLD_1V660TVKYK1/1750885412965_1_put-together-a-perfect-guest-room-1976987-hero-223e3e8f697e4b13b62ad4fe898d492d.webp}', NULL);
INSERT INTO buildings (building_id, building_name, full_address, operator_id, available, street, area, city, state, zip, floors, total_rooms, total_bathrooms, bathrooms_on_each_floor, common_kitchen, min_lease_term, pref_min_lease_term, wifi_included, laundry_onsite, common_area, secure_access, bike_storage, rooftop_access, pet_friendly, cleaning_common_spaces, utilities_included, fitness_area, work_study_area, social_events, nearby_conveniences_walk, nearby_transportation, priority, created_at, last_modified, year_built, last_renovation, building_rules, amenities_details, neighborhood_description, building_description, public_transit_info, parking_info, security_features, disability_access, disability_features, building_images, virtual_tour_url) VALUES ('BLD_QYHMICOPLDP', 'Downtown Lofts', '', NULL, true, NULL, NULL, '', '', NULL, 1, 0, 0, 0, 'None', 9, 1, true, true, NULL, true, false, false, 'No', 'Weekly professional cleaning', false, false, true, false, NULL, NULL, 0, '2025-06-25T21:09:39.541636+00:00', '2025-06-25T21:09:39.919069+00:00', NULL, NULL, NULL, NULL, NULL, NULL, NULL, NULL, NULL, false, NULL, '{http://localhost:54321/storage/v1/object/public/building-images/buildings/BLD_QYHMICOPLDP/1750885779611_0_photo-1611892440504-42a792e24d32.avif}', NULL);
INSERT INTO buildings (building_id, building_name, full_address, operator_id, available, street, area, city, state, zip, floors, total_rooms, total_bathrooms, bathrooms_on_each_floor, common_kitchen, min_lease_term, pref_min_lease_term, wifi_included, laundry_onsite, common_area, secure_access, bike_storage, rooftop_access, pet_friendly, cleaning_common_spaces, utilities_included, fitness_area, work_study_area, social_events, nearby_conveniences_walk, nearby_transportation, priority, created_at, last_modified, year_built, last_renovation, building_rules, amenities_details, neighborhood_description, building_description, public_transit_info, parking_info, security_features, disability_access, disability_features, building_images, virtual_tour_url) VALUES ('BLD_HJNYX54U8B5', 'Longwood', '', NULL, true, NULL, NULL, '', '', NULL, 1, 0, 0, 0, 'None', 9, 1, true, true, NULL, true, false, false, 'No', 'Weekly professional cleaning', false, false, true, false, NULL, NULL, 0, '2025-06-25T21:14:40.417524+00:00', '2025-06-25T21:14:40.73311+00:00', NULL, NULL, NULL, NULL, NULL, NULL, NULL, NULL, NULL, false, NULL, '{http://localhost:54321/storage/v1/object/public/building-images/buildings/BLD_HJNYX54U8B5/1750886080497_0_photo-1611892440504-42a792e24d32.avif}', NULL);
INSERT INTO buildings (building_id, building_name, full_address, operator_id, available, street, area, city, state, zip, floors, total_rooms, total_bathrooms, bathrooms_on_each_floor, common_kitchen, min_lease_term, pref_min_lease_term, wifi_included, laundry_onsite, common_area, secure_access, bike_storage, rooftop_access, pet_friendly, cleaning_common_spaces, utilities_included, fitness_area, work_study_area, social_events, nearby_conveniences_walk, nearby_transportation, priority, created_at, last_modified, year_built, last_renovation, building_rules, amenities_details, neighborhood_description, building_description, public_transit_info, parking_info, security_features, disability_access, disability_features, building_images, virtual_tour_url) VALUES ('BLD_5V7W5XLM8FY', 'sdsad', '', NULL, true, NULL, NULL, '', '', NULL, 1, 0, 0, 0, 'None', 12, 1, true, true, NULL, true, false, false, 'No', 'Weekly professional cleaning', false, false, true, false, NULL, NULL, 0, '2025-06-25T22:55:52.127331+00:00', '2025-06-25T22:55:52.566681+00:00', NULL, NULL, NULL, NULL, NULL, NULL, NULL, NULL, NULL, false, NULL, '{http://localhost:54321/storage/v1/object/public/building-images/buildings/BLD_5V7W5XLM8FY/1750892152197_0_photo-1611892440504-42a792e24d32.avif}', NULL);
INSERT INTO buildings (building_id, building_name, full_address, operator_id, available, street, area, city, state, zip, floors, total_rooms, total_bathrooms, bathrooms_on_each_floor, common_kitchen, min_lease_term, pref_min_lease_term, wifi_included, laundry_onsite, common_area, secure_access, bike_storage, rooftop_access, pet_friendly, cleaning_common_spaces, utilities_included, fitness_area, work_study_area, social_events, nearby_conveniences_walk, nearby_transportation, priority, created_at, last_modified, year_built, last_renovation, building_rules, amenities_details, neighborhood_description, building_description, public_transit_info, parking_info, security_features, disability_access, disability_features, building_images, virtual_tour_url) VALUES ('BLD_0SL34ETKODXA', 'Riverside Towers', '', 2, true, NULL, NULL, '', '', NULL, 1, 0, 0, 0, 'None', 12, 1, true, true, NULL, true, false, false, 'No', 'Weekly professional cleaning', false, false, true, false, NULL, NULL, 0, '2025-06-26T22:09:18.69106+00:00', '2025-06-26T22:09:18.69106+00:00', NULL, NULL, NULL, NULL, NULL, NULL, NULL, NULL, NULL, false, NULL, '{}', NULL);
INSERT INTO buildings (building_id, building_name, full_address, operator_id, available, street, area, city, state, zip, floors, total_rooms, total_bathrooms, bathrooms_on_each_floor, common_kitchen, min_lease_term, pref_min_lease_term, wifi_included, laundry_onsite, common_area, secure_access, bike_storage, rooftop_access, pet_friendly, cleaning_common_spaces, utilities_included, fitness_area, work_study_area, social_events, nearby_conveniences_walk, nearby_transportation, priority, created_at, last_modified, year_built, last_renovation, building_rules, amenities_details, neighborhood_description, building_description, public_transit_info, parking_info, security_features, disability_access, disability_features, building_images, virtual_tour_url) VALUES ('BLD_OZUGZIXQPD', 'Downtown Lofts', '', 6, true, NULL, NULL, '', '', NULL, 1, 0, 0, 0, 'None', 12, 1, true, true, NULL, true, false, false, 'No', 'Weekly professional cleaning', false, false, true, false, NULL, NULL, 0, '2025-06-26T22:36:12.035966+00:00', '2025-06-26T22:36:12.257879+00:00', NULL, NULL, NULL, NULL, NULL, NULL, NULL, NULL, NULL, false, NULL, '{http://localhost:54321/storage/v1/object/public/building-images/buildings/BLD_OZUGZIXQPD/1750977372088_0_aesthetic-room-decor.jpg,http://localhost:54321/storage/v1/object/public/building-images/buildings/BLD_OZUGZIXQPD/1750977372089_1_photo-1611892440504-42a792e24d32.avif}', NULL);

-- ROOMS DATA
INSERT INTO rooms (room_id, room_number, building_id, ready_to_rent, status, booked_from, booked_till, active_tenants, maximum_people_in_room, private_room_rent, shared_room_rent_2, last_check, last_check_by, current_booking_types, floor_number, bed_count, bathroom_type, bed_size, bed_type, view, sq_footage, mini_fridge, sink, bedding_provided, work_desk, work_chair, heating, air_conditioning, cable_tv, room_storage, last_modified, noise_level, sunlight, furnished, furniture_details, last_renovation_date, public_notes, internal_notes, virtual_tour_url, available_from, additional_features, room_images) VALUES ('BLD_MARKET_R101', '101', 'BLD_MARKET', true, 'AVAILABLE', NULL, NULL, 0, 1, 2860, NULL, NULL, NULL, NULL, 1, NULL, 'Private', 'Full', 'Single', 'Bay', 380, true, true, true, true, true, true, true, true, 'Built-in Closet', '2025-06-25T18:21:42.714384+00:00', NULL, NULL, false, NULL, NULL, NULL, NULL, NULL, NULL, NULL, NULL);
INSERT INTO rooms (room_id, room_number, building_id, ready_to_rent, status, booked_from, booked_till, active_tenants, maximum_people_in_room, private_room_rent, shared_room_rent_2, last_check, last_check_by, current_booking_types, floor_number, bed_count, bathroom_type, bed_size, bed_type, view, sq_footage, mini_fridge, sink, bedding_provided, work_desk, work_chair, heating, air_conditioning, cable_tv, room_storage, last_modified, noise_level, sunlight, furnished, furniture_details, last_renovation_date, public_notes, internal_notes, virtual_tour_url, available_from, additional_features, room_images) VALUES ('BLD_MARKET_R201', '201', 'BLD_MARKET', true, 'AVAILABLE', NULL, NULL, 0, 2, 3003, NULL, NULL, NULL, NULL, 2, NULL, 'Private', 'Full', 'Single', 'Bay', 342, true, true, true, true, true, true, true, true, 'Walk-in Closet', '2025-06-25T18:21:42.714384+00:00', NULL, NULL, false, NULL, NULL, NULL, NULL, NULL, NULL, NULL, NULL);
INSERT INTO rooms (room_id, room_number, building_id, ready_to_rent, status, booked_from, booked_till, active_tenants, maximum_people_in_room, private_room_rent, shared_room_rent_2, last_check, last_check_by, current_booking_types, floor_number, bed_count, bathroom_type, bed_size, bed_type, view, sq_footage, mini_fridge, sink, bedding_provided, work_desk, work_chair, heating, air_conditioning, cable_tv, room_storage, last_modified, noise_level, sunlight, furnished, furniture_details, last_renovation_date, public_notes, internal_notes, virtual_tour_url, available_from, additional_features, room_images) VALUES ('BLD_MARKET_R301', '301', 'BLD_MARKET', true, 'AVAILABLE', NULL, NULL, 0, 1, 3146, NULL, NULL, NULL, NULL, 3, NULL, 'En-Suite', 'Queen', 'Single', 'Bay', 364, true, true, true, true, true, true, true, true, 'Walk-in Closet', '2025-06-25T18:21:42.714384+00:00', NULL, NULL, false, NULL, NULL, NULL, NULL, NULL, NULL, NULL, NULL);
INSERT INTO rooms (room_id, room_number, building_id, ready_to_rent, status, booked_from, booked_till, active_tenants, maximum_people_in_room, private_room_rent, shared_room_rent_2, last_check, last_check_by, current_booking_types, floor_number, bed_count, bathroom_type, bed_size, bed_type, view, sq_footage, mini_fridge, sink, bedding_provided, work_desk, work_chair, heating, air_conditioning, cable_tv, room_storage, last_modified, noise_level, sunlight, furnished, furniture_details, last_renovation_date, public_notes, internal_notes, virtual_tour_url, available_from, additional_features, room_images) VALUES ('BLD_MARKET_R401', '401', 'BLD_MARKET', true, 'AVAILABLE', NULL, NULL, 0, 1, 3289, NULL, NULL, NULL, NULL, 4, NULL, 'Shared', 'Full', 'Single', 'Street', 287, true, true, true, true, true, true, true, true, 'Built-in Closet', '2025-06-25T18:21:42.714384+00:00', NULL, NULL, false, NULL, NULL, NULL, NULL, NULL, NULL, NULL, NULL);
INSERT INTO rooms (room_id, room_number, building_id, ready_to_rent, status, booked_from, booked_till, active_tenants, maximum_people_in_room, private_room_rent, shared_room_rent_2, last_check, last_check_by, current_booking_types, floor_number, bed_count, bathroom_type, bed_size, bed_type, view, sq_footage, mini_fridge, sink, bedding_provided, work_desk, work_chair, heating, air_conditioning, cable_tv, room_storage, last_modified, noise_level, sunlight, furnished, furniture_details, last_renovation_date, public_notes, internal_notes, virtual_tour_url, available_from, additional_features, room_images) VALUES ('BLD_MARKET_R501', '501', 'BLD_MARKET', true, 'AVAILABLE', NULL, NULL, 0, 2, 3432, NULL, NULL, NULL, NULL, 5, NULL, 'En-Suite', 'Queen', 'Single', 'Garden', 370, true, true, true, true, true, true, true, true, 'Built-in Closet', '2025-06-25T18:21:42.714384+00:00', NULL, NULL, false, NULL, NULL, NULL, NULL, NULL, NULL, NULL, NULL);
INSERT INTO rooms (room_id, room_number, building_id, ready_to_rent, status, booked_from, booked_till, active_tenants, maximum_people_in_room, private_room_rent, shared_room_rent_2, last_check, last_check_by, current_booking_types, floor_number, bed_count, bathroom_type, bed_size, bed_type, view, sq_footage, mini_fridge, sink, bedding_provided, work_desk, work_chair, heating, air_conditioning, cable_tv, room_storage, last_modified, noise_level, sunlight, furnished, furniture_details, last_renovation_date, public_notes, internal_notes, virtual_tour_url, available_from, additional_features, room_images) VALUES ('BLD_SOMA_R101', '101', 'BLD_SOMA', true, 'AVAILABLE', NULL, NULL, 0, 1, 2280, NULL, NULL, NULL, NULL, 1, NULL, 'Shared', 'Twin', 'Platform', 'Garden', 390, true, true, true, true, true, true, true, true, 'Walk-in Closet', '2025-06-25T18:21:42.714384+00:00', NULL, NULL, false, NULL, NULL, NULL, NULL, NULL, NULL, NULL, NULL);
INSERT INTO rooms (room_id, room_number, building_id, ready_to_rent, status, booked_from, booked_till, active_tenants, maximum_people_in_room, private_room_rent, shared_room_rent_2, last_check, last_check_by, current_booking_types, floor_number, bed_count, bathroom_type, bed_size, bed_type, view, sq_footage, mini_fridge, sink, bedding_provided, work_desk, work_chair, heating, air_conditioning, cable_tv, room_storage, last_modified, noise_level, sunlight, furnished, furniture_details, last_renovation_date, public_notes, internal_notes, virtual_tour_url, available_from, additional_features, room_images) VALUES ('BLD_SOMA_R201', '201', 'BLD_SOMA', true, 'AVAILABLE', NULL, NULL, 0, 1, 2394, NULL, NULL, NULL, NULL, 2, NULL, 'En-Suite', 'Full', 'Single', 'City', 248, true, true, true, true, true, true, true, true, 'Walk-in Closet', '2025-06-25T18:21:42.714384+00:00', NULL, NULL, false, NULL, NULL, NULL, NULL, NULL, NULL, NULL, NULL);
INSERT INTO rooms (room_id, room_number, building_id, ready_to_rent, status, booked_from, booked_till, active_tenants, maximum_people_in_room, private_room_rent, shared_room_rent_2, last_check, last_check_by, current_booking_types, floor_number, bed_count, bathroom_type, bed_size, bed_type, view, sq_footage, mini_fridge, sink, bedding_provided, work_desk, work_chair, heating, air_conditioning, cable_tv, room_storage, last_modified, noise_level, sunlight, furnished, furniture_details, last_renovation_date, public_notes, internal_notes, virtual_tour_url, available_from, additional_features, room_images) VALUES ('BLD_SOMA_R301', '301', 'BLD_SOMA', true, 'AVAILABLE', NULL, NULL, 0, 1, 2508, NULL, NULL, NULL, NULL, 3, NULL, 'Shared', 'Queen', 'Single', 'Garden', 390, true, true, true, true, true, true, true, true, 'Built-in Closet', '2025-06-25T18:21:42.714384+00:00', NULL, NULL, false, NULL, NULL, NULL, NULL, NULL, NULL, NULL, NULL);
INSERT INTO rooms (room_id, room_number, building_id, ready_to_rent, status, booked_from, booked_till, active_tenants, maximum_people_in_room, private_room_rent, shared_room_rent_2, last_check, last_check_by, current_booking_types, floor_number, bed_count, bathroom_type, bed_size, bed_type, view, sq_footage, mini_fridge, sink, bedding_provided, work_desk, work_chair, heating, air_conditioning, cable_tv, room_storage, last_modified, noise_level, sunlight, furnished, furniture_details, last_renovation_date, public_notes, internal_notes, virtual_tour_url, available_from, additional_features, room_images) VALUES ('BLD_SOMA_R401', '401', 'BLD_SOMA', true, 'AVAILABLE', NULL, NULL, 0, 1, 2622, NULL, NULL, NULL, NULL, 4, NULL, 'En-Suite', 'Full', 'Platform', 'Bay', 375, true, true, true, true, true, true, true, true, 'Walk-in Closet', '2025-06-25T18:21:42.714384+00:00', NULL, NULL, false, NULL, NULL, NULL, NULL, NULL, NULL, NULL, NULL);
INSERT INTO rooms (room_id, room_number, building_id, ready_to_rent, status, booked_from, booked_till, active_tenants, maximum_people_in_room, private_room_rent, shared_room_rent_2, last_check, last_check_by, current_booking_types, floor_number, bed_count, bathroom_type, bed_size, bed_type, view, sq_footage, mini_fridge, sink, bedding_provided, work_desk, work_chair, heating, air_conditioning, cable_tv, room_storage, last_modified, noise_level, sunlight, furnished, furniture_details, last_renovation_date, public_notes, internal_notes, virtual_tour_url, available_from, additional_features, room_images) VALUES ('BLD_MISSION_R101', '101', 'BLD_MISSION', true, 'AVAILABLE', NULL, NULL, 0, 1, 1870, NULL, NULL, NULL, NULL, 1, NULL, 'Private', 'Queen', 'Single', 'Bay', 382, true, true, true, true, true, true, true, true, 'Walk-in Closet', '2025-06-25T18:21:42.714384+00:00', NULL, NULL, false, NULL, NULL, NULL, NULL, NULL, NULL, NULL, NULL);
INSERT INTO rooms (room_id, room_number, building_id, ready_to_rent, status, booked_from, booked_till, active_tenants, maximum_people_in_room, private_room_rent, shared_room_rent_2, last_check, last_check_by, current_booking_types, floor_number, bed_count, bathroom_type, bed_size, bed_type, view, sq_footage, mini_fridge, sink, bedding_provided, work_desk, work_chair, heating, air_conditioning, cable_tv, room_storage, last_modified, noise_level, sunlight, furnished, furniture_details, last_renovation_date, public_notes, internal_notes, virtual_tour_url, available_from, additional_features, room_images) VALUES ('BLD_MISSION_R201', '201', 'BLD_MISSION', true, 'AVAILABLE', NULL, NULL, 0, 2, 1963.5, NULL, NULL, NULL, NULL, 2, NULL, 'Shared', 'Queen', 'Single', 'Garden', 259, true, true, true, true, true, true, true, true, 'Built-in Closet', '2025-06-25T18:21:42.714384+00:00', NULL, NULL, false, NULL, NULL, NULL, NULL, NULL, NULL, NULL, NULL);
INSERT INTO rooms (room_id, room_number, building_id, ready_to_rent, status, booked_from, booked_till, active_tenants, maximum_people_in_room, private_room_rent, shared_room_rent_2, last_check, last_check_by, current_booking_types, floor_number, bed_count, bathroom_type, bed_size, bed_type, view, sq_footage, mini_fridge, sink, bedding_provided, work_desk, work_chair, heating, air_conditioning, cable_tv, room_storage, last_modified, noise_level, sunlight, furnished, furniture_details, last_renovation_date, public_notes, internal_notes, virtual_tour_url, available_from, additional_features, room_images) VALUES ('BLD_MISSION_R301', '301', 'BLD_MISSION', true, 'AVAILABLE', NULL, NULL, 0, 2, 2057, NULL, NULL, NULL, NULL, 3, NULL, 'En-Suite', 'Queen', 'Platform', 'Garden', 375, true, true, true, true, true, true, true, true, 'Built-in Closet', '2025-06-25T18:21:42.714384+00:00', NULL, NULL, false, NULL, NULL, NULL, NULL, NULL, NULL, NULL, NULL);
INSERT INTO rooms (room_id, room_number, building_id, ready_to_rent, status, booked_from, booked_till, active_tenants, maximum_people_in_room, private_room_rent, shared_room_rent_2, last_check, last_check_by, current_booking_types, floor_number, bed_count, bathroom_type, bed_size, bed_type, view, sq_footage, mini_fridge, sink, bedding_provided, work_desk, work_chair, heating, air_conditioning, cable_tv, room_storage, last_modified, noise_level, sunlight, furnished, furniture_details, last_renovation_date, public_notes, internal_notes, virtual_tour_url, available_from, additional_features, room_images) VALUES ('BLD_MISSION_R401', '401', 'BLD_MISSION', true, 'AVAILABLE', NULL, NULL, 0, 1, 2150.5, NULL, NULL, NULL, NULL, 4, NULL, 'En-Suite', 'Full', 'Platform', 'Street', 239, true, true, true, true, true, true, true, true, 'Built-in Closet', '2025-06-25T18:21:42.714384+00:00', NULL, NULL, false, NULL, NULL, NULL, NULL, NULL, NULL, NULL, NULL);
INSERT INTO rooms (room_id, room_number, building_id, ready_to_rent, status, booked_from, booked_till, active_tenants, maximum_people_in_room, private_room_rent, shared_room_rent_2, last_check, last_check_by, current_booking_types, floor_number, bed_count, bathroom_type, bed_size, bed_type, view, sq_footage, mini_fridge, sink, bedding_provided, work_desk, work_chair, heating, air_conditioning, cable_tv, room_storage, last_modified, noise_level, sunlight, furnished, furniture_details, last_renovation_date, public_notes, internal_notes, virtual_tour_url, available_from, additional_features, room_images) VALUES ('BLD_HAYES_R101', '101', 'BLD_HAYES', true, 'AVAILABLE', NULL, NULL, 0, 1, 2500, NULL, NULL, NULL, NULL, 1, NULL, 'En-Suite', 'Twin', 'Platform', 'Garden', 318, true, true, true, true, true, true, true, true, 'Walk-in Closet', '2025-06-25T18:21:42.714384+00:00', NULL, NULL, false, NULL, NULL, NULL, NULL, NULL, NULL, NULL, NULL);
INSERT INTO rooms (room_id, room_number, building_id, ready_to_rent, status, booked_from, booked_till, active_tenants, maximum_people_in_room, private_room_rent, shared_room_rent_2, last_check, last_check_by, current_booking_types, floor_number, bed_count, bathroom_type, bed_size, bed_type, view, sq_footage, mini_fridge, sink, bedding_provided, work_desk, work_chair, heating, air_conditioning, cable_tv, room_storage, last_modified, noise_level, sunlight, furnished, furniture_details, last_renovation_date, public_notes, internal_notes, virtual_tour_url, available_from, additional_features, room_images) VALUES ('BLD_HAYES_R201', '201', 'BLD_HAYES', true, 'AVAILABLE', NULL, NULL, 0, 2, 2625, NULL, NULL, NULL, NULL, 2, NULL, 'Private', 'Twin', 'Single', 'Garden', 327, true, true, true, true, true, true, true, true, 'Walk-in Closet', '2025-06-25T18:21:42.714384+00:00', NULL, NULL, false, NULL, NULL, NULL, NULL, NULL, NULL, NULL, NULL);
INSERT INTO rooms (room_id, room_number, building_id, ready_to_rent, status, booked_from, booked_till, active_tenants, maximum_people_in_room, private_room_rent, shared_room_rent_2, last_check, last_check_by, current_booking_types, floor_number, bed_count, bathroom_type, bed_size, bed_type, view, sq_footage, mini_fridge, sink, bedding_provided, work_desk, work_chair, heating, air_conditioning, cable_tv, room_storage, last_modified, noise_level, sunlight, furnished, furniture_details, last_renovation_date, public_notes, internal_notes, virtual_tour_url, available_from, additional_features, room_images) VALUES ('BLD_HAYES_R301', '301', 'BLD_HAYES', true, 'AVAILABLE', NULL, NULL, 0, 2, 2750, NULL, NULL, NULL, NULL, 3, NULL, 'En-Suite', 'Twin', 'Single', 'City', 210, true, true, true, true, true, true, true, true, 'Walk-in Closet', '2025-06-25T18:21:42.714384+00:00', NULL, NULL, false, NULL, NULL, NULL, NULL, NULL, NULL, NULL, NULL);
INSERT INTO rooms (room_id, room_number, building_id, ready_to_rent, status, booked_from, booked_till, active_tenants, maximum_people_in_room, private_room_rent, shared_room_rent_2, last_check, last_check_by, current_booking_types, floor_number, bed_count, bathroom_type, bed_size, bed_type, view, sq_footage, mini_fridge, sink, bedding_provided, work_desk, work_chair, heating, air_conditioning, cable_tv, room_storage, last_modified, noise_level, sunlight, furnished, furniture_details, last_renovation_date, public_notes, internal_notes, virtual_tour_url, available_from, additional_features, room_images) VALUES ('BLD_HAYES_R401', '401', 'BLD_HAYES', true, 'AVAILABLE', NULL, NULL, 0, 1, 2875, NULL, NULL, NULL, NULL, 4, NULL, 'Shared', 'Twin', 'Platform', 'Garden', 208, true, true, true, true, true, true, true, true, 'Built-in Closet', '2025-06-25T18:21:42.714384+00:00', NULL, NULL, false, NULL, NULL, NULL, NULL, NULL, NULL, NULL, NULL);
INSERT INTO rooms (room_id, room_number, building_id, ready_to_rent, status, booked_from, booked_till, active_tenants, maximum_people_in_room, private_room_rent, shared_room_rent_2, last_check, last_check_by, current_booking_types, floor_number, bed_count, bathroom_type, bed_size, bed_type, view, sq_footage, mini_fridge, sink, bedding_provided, work_desk, work_chair, heating, air_conditioning, cable_tv, room_storage, last_modified, noise_level, sunlight, furnished, furniture_details, last_renovation_date, public_notes, internal_notes, virtual_tour_url, available_from, additional_features, room_images) VALUES ('BLD_MARINA_R101', '101', 'BLD_MARINA', true, 'AVAILABLE', NULL, NULL, 0, 1, 3360, NULL, NULL, NULL, NULL, 1, NULL, 'Private', 'Queen', 'Single', 'City', 269, true, true, true, true, true, true, true, true, 'Built-in Closet', '2025-06-25T18:21:42.714384+00:00', NULL, NULL, false, NULL, NULL, NULL, NULL, NULL, NULL, NULL, NULL);
INSERT INTO rooms (room_id, room_number, building_id, ready_to_rent, status, booked_from, booked_till, active_tenants, maximum_people_in_room, private_room_rent, shared_room_rent_2, last_check, last_check_by, current_booking_types, floor_number, bed_count, bathroom_type, bed_size, bed_type, view, sq_footage, mini_fridge, sink, bedding_provided, work_desk, work_chair, heating, air_conditioning, cable_tv, room_storage, last_modified, noise_level, sunlight, furnished, furniture_details, last_renovation_date, public_notes, internal_notes, virtual_tour_url, available_from, additional_features, room_images) VALUES ('BLD_MARINA_R201', '201', 'BLD_MARINA', true, 'AVAILABLE', NULL, NULL, 0, 1, 3528, NULL, NULL, NULL, NULL, 2, NULL, 'Shared', 'Queen', 'Single', 'Bay', 265, true, true, true, true, true, true, true, true, 'Walk-in Closet', '2025-06-25T18:21:42.714384+00:00', NULL, NULL, false, NULL, NULL, NULL, NULL, NULL, NULL, NULL, NULL);
INSERT INTO rooms (room_id, room_number, building_id, ready_to_rent, status, booked_from, booked_till, active_tenants, maximum_people_in_room, private_room_rent, shared_room_rent_2, last_check, last_check_by, current_booking_types, floor_number, bed_count, bathroom_type, bed_size, bed_type, view, sq_footage, mini_fridge, sink, bedding_provided, work_desk, work_chair, heating, air_conditioning, cable_tv, room_storage, last_modified, noise_level, sunlight, furnished, furniture_details, last_renovation_date, public_notes, internal_notes, virtual_tour_url, available_from, additional_features, room_images) VALUES ('BLD_MARINA_R301', '301', 'BLD_MARINA', true, 'AVAILABLE', NULL, NULL, 0, 1, 3696, NULL, NULL, NULL, NULL, 3, NULL, 'En-Suite', 'Full', 'Platform', 'Street', 271, true, true, true, true, true, true, true, true, 'Walk-in Closet', '2025-06-25T18:21:42.714384+00:00', NULL, NULL, false, NULL, NULL, NULL, NULL, NULL, NULL, NULL, NULL);
INSERT INTO rooms (room_id, room_number, building_id, ready_to_rent, status, booked_from, booked_till, active_tenants, maximum_people_in_room, private_room_rent, shared_room_rent_2, last_check, last_check_by, current_booking_types, floor_number, bed_count, bathroom_type, bed_size, bed_type, view, sq_footage, mini_fridge, sink, bedding_provided, work_desk, work_chair, heating, air_conditioning, cable_tv, room_storage, last_modified, noise_level, sunlight, furnished, furniture_details, last_renovation_date, public_notes, internal_notes, virtual_tour_url, available_from, additional_features, room_images) VALUES ('BLD_MARINA_R401', '401', 'BLD_MARINA', true, 'AVAILABLE', NULL, NULL, 0, 1, 3864, NULL, NULL, NULL, NULL, 4, NULL, 'Shared', 'Twin', 'Platform', 'Street', 336, true, true, true, true, true, true, true, true, 'Walk-in Closet', '2025-06-25T18:21:42.714384+00:00', NULL, NULL, false, NULL, NULL, NULL, NULL, NULL, NULL, NULL, NULL);
INSERT INTO rooms (room_id, room_number, building_id, ready_to_rent, status, booked_from, booked_till, active_tenants, maximum_people_in_room, private_room_rent, shared_room_rent_2, last_check, last_check_by, current_booking_types, floor_number, bed_count, bathroom_type, bed_size, bed_type, view, sq_footage, mini_fridge, sink, bedding_provided, work_desk, work_chair, heating, air_conditioning, cable_tv, room_storage, last_modified, noise_level, sunlight, furnished, furniture_details, last_renovation_date, public_notes, internal_notes, virtual_tour_url, available_from, additional_features, room_images) VALUES ('RM_0MQM1DZFCH5P', '102', 'BLD_V6LU3FOZZI', true, 'OCCUPIED', NULL, NULL, 0, 4, 1100, 550, '2025-06-18', NULL, 'short-term', 1, 2, 'Shared', 'Twin', 'Single', 'Street', 500, true, true, true, false, false, true, true, false, 'Built-in Closet', '2025-06-25T19:49:50.245264+00:00', NULL, NULL, false, NULL, NULL, NULL, NULL, NULL, NULL, NULL, NULL);
INSERT INTO rooms (room_id, room_number, building_id, ready_to_rent, status, booked_from, booked_till, active_tenants, maximum_people_in_room, private_room_rent, shared_room_rent_2, last_check, last_check_by, current_booking_types, floor_number, bed_count, bathroom_type, bed_size, bed_type, view, sq_footage, mini_fridge, sink, bedding_provided, work_desk, work_chair, heating, air_conditioning, cable_tv, room_storage, last_modified, noise_level, sunlight, furnished, furniture_details, last_renovation_date, public_notes, internal_notes, virtual_tour_url, available_from, additional_features, room_images) VALUES ('RM_77J32XRKSIS', '807', 'BLD_QUMMHEI5Q2A', true, 'AVAILABLE', NULL, NULL, 5, 5, 1100, 550, NULL, NULL, NULL, 9, 1, 'Shared', 'Twin', 'Single', 'Street', 200, false, false, true, true, true, true, true, false, 'Built-in Closet', '2025-06-26T21:35:15.410804+00:00', NULL, NULL, false, NULL, NULL, NULL, NULL, NULL, NULL, NULL, NULL);
INSERT INTO rooms (room_id, room_number, building_id, ready_to_rent, status, booked_from, booked_till, active_tenants, maximum_people_in_room, private_room_rent, shared_room_rent_2, last_check, last_check_by, current_booking_types, floor_number, bed_count, bathroom_type, bed_size, bed_type, view, sq_footage, mini_fridge, sink, bedding_provided, work_desk, work_chair, heating, air_conditioning, cable_tv, room_storage, last_modified, noise_level, sunlight, furnished, furniture_details, last_renovation_date, public_notes, internal_notes, virtual_tour_url, available_from, additional_features, room_images) VALUES ('RM_ZHQVEX4H6TH', '201', 'BLD_H8SP3CMQZ8P', true, 'AVAILABLE', NULL, NULL, 0, 1, 1100, 550, NULL, NULL, NULL, 1, 1, 'Shared', 'Twin', 'Single', 'Street', 200, false, false, false, false, false, false, false, false, 'Built-in Closet', '2025-06-26T21:43:30.055664+00:00', NULL, NULL, false, NULL, NULL, NULL, NULL, NULL, NULL, NULL, NULL);
INSERT INTO rooms (room_id, room_number, building_id, ready_to_rent, status, booked_from, booked_till, active_tenants, maximum_people_in_room, private_room_rent, shared_room_rent_2, last_check, last_check_by, current_booking_types, floor_number, bed_count, bathroom_type, bed_size, bed_type, view, sq_footage, mini_fridge, sink, bedding_provided, work_desk, work_chair, heating, air_conditioning, cable_tv, room_storage, last_modified, noise_level, sunlight, furnished, furniture_details, last_renovation_date, public_notes, internal_notes, virtual_tour_url, available_from, additional_features, room_images) VALUES ('RM_RJ6CRPY0T', '506', 'BLD_QUMMHEI5Q2A', true, 'AVAILABLE', NULL, NULL, 3, 1, 1100, 550, NULL, NULL, NULL, 1, 1, 'Shared', 'Twin', 'Single', 'Street', 200, false, false, true, true, true, true, true, false, 'Built-in Closet', '2025-06-26T21:52:34.342945+00:00', NULL, NULL, false, NULL, NULL, NULL, NULL, NULL, NULL, NULL, NULL);

-- TENANTS DATA
INSERT INTO tenants (tenant_id, tenant_name, room_id, room_number, lease_start_date, lease_end_date, operator_id, booking_type, tenant_nationality, tenant_email, phone, emergency_contact_name, emergency_contact_phone, emergency_contact_relation, building_id, status, deposit_amount, payment_status, special_requests, created_at, last_modified, payment_reminders_enabled, communication_preferences, account_status, last_payment_date, next_payment_date, rent_payment_method, has_pets, pet_details, has_vehicles, vehicle_details, has_renters_insurance, insurance_details) VALUES ('TNT_001', 'Tenant 1', 'BLD_MARKET_R201', '201', '2025-05-30', '2025-11-26', 2, 'STUDENT', 'F1-VISA', 'tenant1@example.com', '(415)555-1001', 'Emergency Contact 1', '(415)555-2001', 'Parent', 'BLD_MARKET', 'ACTIVE', 6006, 'CURRENT', NULL, '2025-06-25T18:21:42.729603+00:00', '2025-06-25T18:21:42.729603+00:00', true, 'EMAIL', 'ACTIVE', NULL, NULL, NULL, false, NULL, false, NULL, false, NULL);
INSERT INTO tenants (tenant_id, tenant_name, room_id, room_number, lease_start_date, lease_end_date, operator_id, booking_type, tenant_nationality, tenant_email, phone, emergency_contact_name, emergency_contact_phone, emergency_contact_relation, building_id, status, deposit_amount, payment_status, special_requests, created_at, last_modified, payment_reminders_enabled, communication_preferences, account_status, last_payment_date, next_payment_date, rent_payment_method, has_pets, pet_details, has_vehicles, vehicle_details, has_renters_insurance, insurance_details) VALUES ('TNT_002', 'Tenant 2', 'BLD_MISSION_R401', '401', '2025-03-26', '2026-03-21', 3, 'CORPORATE', 'F1-VISA', 'tenant2@example.com', '(415)555-1002', 'Emergency Contact 2', '(415)555-2002', 'Sibling', 'BLD_MISSION', 'ACTIVE', 4301, 'CURRENT', NULL, '2025-06-25T18:21:42.729603+00:00', '2025-06-25T18:21:42.729603+00:00', true, 'EMAIL', 'ACTIVE', NULL, NULL, NULL, false, NULL, false, NULL, false, NULL);
INSERT INTO tenants (tenant_id, tenant_name, room_id, room_number, lease_start_date, lease_end_date, operator_id, booking_type, tenant_nationality, tenant_email, phone, emergency_contact_name, emergency_contact_phone, emergency_contact_relation, building_id, status, deposit_amount, payment_status, special_requests, created_at, last_modified, payment_reminders_enabled, communication_preferences, account_status, last_payment_date, next_payment_date, rent_payment_method, has_pets, pet_details, has_vehicles, vehicle_details, has_renters_insurance, insurance_details) VALUES ('TNT_003', 'Tenant 3', 'BLD_MARKET_R401', '401', '2025-06-03', '2025-11-30', 4, 'STUDENT', 'US-CITIZEN', 'tenant3@example.com', '(415)555-1003', 'Emergency Contact 3', '(415)555-2003', 'Sibling', 'BLD_MARKET', 'ACTIVE', 6578, 'CURRENT', NULL, '2025-06-25T18:21:42.729603+00:00', '2025-06-25T18:21:42.729603+00:00', true, 'EMAIL', 'ACTIVE', NULL, NULL, NULL, false, NULL, false, NULL, false, NULL);
INSERT INTO tenants (tenant_id, tenant_name, room_id, room_number, lease_start_date, lease_end_date, operator_id, booking_type, tenant_nationality, tenant_email, phone, emergency_contact_name, emergency_contact_phone, emergency_contact_relation, building_id, status, deposit_amount, payment_status, special_requests, created_at, last_modified, payment_reminders_enabled, communication_preferences, account_status, last_payment_date, next_payment_date, rent_payment_method, has_pets, pet_details, has_vehicles, vehicle_details, has_renters_insurance, insurance_details) VALUES ('TNT_004', 'Tenant 4', 'BLD_MARINA_R201', '201', '2025-04-20', '2026-04-15', 5, 'CORPORATE', 'PERMANENT-RESIDENT', 'tenant4@example.com', '(415)555-1004', 'Emergency Contact 4', '(415)555-2004', 'Parent', 'BLD_MARINA', 'ACTIVE', 7056, 'LATE', NULL, '2025-06-25T18:21:42.729603+00:00', '2025-06-25T18:21:42.729603+00:00', true, 'EMAIL', 'ACTIVE', NULL, NULL, NULL, false, NULL, false, NULL, false, NULL);
INSERT INTO tenants (tenant_id, tenant_name, room_id, room_number, lease_start_date, lease_end_date, operator_id, booking_type, tenant_nationality, tenant_email, phone, emergency_contact_name, emergency_contact_phone, emergency_contact_relation, building_id, status, deposit_amount, payment_status, special_requests, created_at, last_modified, payment_reminders_enabled, communication_preferences, account_status, last_payment_date, next_payment_date, rent_payment_method, has_pets, pet_details, has_vehicles, vehicle_details, has_renters_insurance, insurance_details) VALUES ('TNT_005', 'Tenant 5', 'BLD_MISSION_R101', '101', '2025-01-05', '2025-07-04', 4, 'CORPORATE', 'F1-VISA', 'tenant5@example.com', '(415)555-1005', 'Emergency Contact 5', '(415)555-2005', 'Parent', 'BLD_MISSION', 'ACTIVE', 3740, 'CURRENT', NULL, '2025-06-25T18:21:42.729603+00:00', '2025-06-25T18:21:42.729603+00:00', true, 'EMAIL', 'ACTIVE', NULL, NULL, NULL, false, NULL, false, NULL, false, NULL);
INSERT INTO tenants (tenant_id, tenant_name, room_id, room_number, lease_start_date, lease_end_date, operator_id, booking_type, tenant_nationality, tenant_email, phone, emergency_contact_name, emergency_contact_phone, emergency_contact_relation, building_id, status, deposit_amount, payment_status, special_requests, created_at, last_modified, payment_reminders_enabled, communication_preferences, account_status, last_payment_date, next_payment_date, rent_payment_method, has_pets, pet_details, has_vehicles, vehicle_details, has_renters_insurance, insurance_details) VALUES ('TNT_006', 'Tenant 6', 'BLD_MISSION_R201', '201', '2025-09-25', '2026-03-24', 2, 'LEASE', 'F1-VISA', 'tenant6@example.com', '(415)555-1006', 'Emergency Contact 6', '(415)555-2006', 'Sibling', 'BLD_MISSION', 'PENDING', 3927, 'PENDING', NULL, '2025-06-25T18:21:42.729603+00:00', '2025-06-25T18:21:42.729603+00:00', true, 'EMAIL', 'ACTIVE', NULL, NULL, NULL, false, NULL, false, NULL, false, NULL);
INSERT INTO tenants (tenant_id, tenant_name, room_id, room_number, lease_start_date, lease_end_date, operator_id, booking_type, tenant_nationality, tenant_email, phone, emergency_contact_name, emergency_contact_phone, emergency_contact_relation, building_id, status, deposit_amount, payment_status, special_requests, created_at, last_modified, payment_reminders_enabled, communication_preferences, account_status, last_payment_date, next_payment_date, rent_payment_method, has_pets, pet_details, has_vehicles, vehicle_details, has_renters_insurance, insurance_details) VALUES ('TNT_007', 'Tenant 7', 'BLD_MARKET_R101', '101', '2024-09-30', '2025-03-29', 5, 'STUDENT', 'US-CITIZEN', 'tenant7@example.com', '(415)555-1007', 'Emergency Contact 7', '(415)555-2007', 'Sibling', 'BLD_MARKET', 'EXPIRED', 5720, 'CURRENT', NULL, '2025-06-25T18:21:42.729603+00:00', '2025-06-25T18:21:42.729603+00:00', true, 'EMAIL', 'ACTIVE', NULL, NULL, NULL, false, NULL, false, NULL, false, NULL);
INSERT INTO tenants (tenant_id, tenant_name, room_id, room_number, lease_start_date, lease_end_date, operator_id, booking_type, tenant_nationality, tenant_email, phone, emergency_contact_name, emergency_contact_phone, emergency_contact_relation, building_id, status, deposit_amount, payment_status, special_requests, created_at, last_modified, payment_reminders_enabled, communication_preferences, account_status, last_payment_date, next_payment_date, rent_payment_method, has_pets, pet_details, has_vehicles, vehicle_details, has_renters_insurance, insurance_details) VALUES ('TNT_008', 'Tenant 8', 'BLD_MARINA_R101', '101', '2025-01-27', '2025-07-26', 1, 'STUDENT', 'PERMANENT-RESIDENT', 'tenant8@example.com', '(415)555-1008', 'Emergency Contact 8', '(415)555-2008', 'Parent', 'BLD_MARINA', 'ACTIVE', 6720, 'CURRENT', NULL, '2025-06-25T18:21:42.729603+00:00', '2025-06-25T18:21:42.729603+00:00', true, 'EMAIL', 'ACTIVE', NULL, NULL, NULL, false, NULL, false, NULL, false, NULL);
INSERT INTO tenants (tenant_id, tenant_name, room_id, room_number, lease_start_date, lease_end_date, operator_id, booking_type, tenant_nationality, tenant_email, phone, emergency_contact_name, emergency_contact_phone, emergency_contact_relation, building_id, status, deposit_amount, payment_status, special_requests, created_at, last_modified, payment_reminders_enabled, communication_preferences, account_status, last_payment_date, next_payment_date, rent_payment_method, has_pets, pet_details, has_vehicles, vehicle_details, has_renters_insurance, insurance_details) VALUES ('TNT_009', 'Tenant 9', 'BLD_MARKET_R301', '301', '2025-01-29', '2025-07-28', 3, 'LEASE', 'F1-VISA', 'tenant9@example.com', '(415)555-1009', 'Emergency Contact 9', '(415)555-2009', 'Spouse', 'BLD_MARKET', 'ACTIVE', 6292, 'CURRENT', NULL, '2025-06-25T18:21:42.729603+00:00', '2025-06-25T18:21:42.729603+00:00', true, 'EMAIL', 'ACTIVE', NULL, NULL, NULL, false, NULL, false, NULL, false, NULL);
INSERT INTO tenants (tenant_id, tenant_name, room_id, room_number, lease_start_date, lease_end_date, operator_id, booking_type, tenant_nationality, tenant_email, phone, emergency_contact_name, emergency_contact_phone, emergency_contact_relation, building_id, status, deposit_amount, payment_status, special_requests, created_at, last_modified, payment_reminders_enabled, communication_preferences, account_status, last_payment_date, next_payment_date, rent_payment_method, has_pets, pet_details, has_vehicles, vehicle_details, has_renters_insurance, insurance_details) VALUES ('TNT_010', 'Tenant 10', 'BLD_MARKET_R501', '501', '2024-02-14', '2025-02-08', 2, 'CORPORATE', 'F1-VISA', 'tenant10@example.com', '(415)555-1010', 'Emergency Contact 10', '(415)555-2010', 'Spouse', 'BLD_MARKET', 'EXPIRED', 6864, 'CURRENT', NULL, '2025-06-25T18:21:42.729603+00:00', '2025-06-25T18:21:42.729603+00:00', true, 'EMAIL', 'ACTIVE', NULL, NULL, NULL, false, NULL, false, NULL, false, NULL);
INSERT INTO tenants (tenant_id, tenant_name, room_id, room_number, lease_start_date, lease_end_date, operator_id, booking_type, tenant_nationality, tenant_email, phone, emergency_contact_name, emergency_contact_phone, emergency_contact_relation, building_id, status, deposit_amount, payment_status, special_requests, created_at, last_modified, payment_reminders_enabled, communication_preferences, account_status, last_payment_date, next_payment_date, rent_payment_method, has_pets, pet_details, has_vehicles, vehicle_details, has_renters_insurance, insurance_details) VALUES ('TNT_011', 'Tenant 11', 'BLD_HAYES_R301', '301', '2025-09-11', '2026-09-06', 2, 'LEASE', 'PERMANENT-RESIDENT', 'tenant11@example.com', '(415)555-1011', 'Emergency Contact 11', '(415)555-2011', 'Parent', 'BLD_HAYES', 'PENDING', 5500, 'PENDING', NULL, '2025-06-25T18:21:42.729603+00:00', '2025-06-25T18:21:42.729603+00:00', true, 'EMAIL', 'ACTIVE', NULL, NULL, NULL, false, NULL, false, NULL, false, NULL);
INSERT INTO tenants (tenant_id, tenant_name, room_id, room_number, lease_start_date, lease_end_date, operator_id, booking_type, tenant_nationality, tenant_email, phone, emergency_contact_name, emergency_contact_phone, emergency_contact_relation, building_id, status, deposit_amount, payment_status, special_requests, created_at, last_modified, payment_reminders_enabled, communication_preferences, account_status, last_payment_date, next_payment_date, rent_payment_method, has_pets, pet_details, has_vehicles, vehicle_details, has_renters_insurance, insurance_details) VALUES ('TNT_012', 'Tenant 12', 'BLD_HAYES_R101', '101', '2025-07-11', '2026-07-06', 5, 'STUDENT', 'US-CITIZEN', 'tenant12@example.com', '(415)555-1012', 'Emergency Contact 12', '(415)555-2012', 'Sibling', 'BLD_HAYES', 'PENDING', 5000, 'PENDING', NULL, '2025-06-25T18:21:42.729603+00:00', '2025-06-25T18:21:42.729603+00:00', true, 'EMAIL', 'ACTIVE', NULL, NULL, NULL, false, NULL, false, NULL, false, NULL);
INSERT INTO tenants (tenant_id, tenant_name, room_id, room_number, lease_start_date, lease_end_date, operator_id, booking_type, tenant_nationality, tenant_email, phone, emergency_contact_name, emergency_contact_phone, emergency_contact_relation, building_id, status, deposit_amount, payment_status, special_requests, created_at, last_modified, payment_reminders_enabled, communication_preferences, account_status, last_payment_date, next_payment_date, rent_payment_method, has_pets, pet_details, has_vehicles, vehicle_details, has_renters_insurance, insurance_details) VALUES ('TNT_013', 'Tenant 13', 'BLD_HAYES_R201', '201', '2025-04-13', '2025-10-10', 5, 'CORPORATE', 'PERMANENT-RESIDENT', 'tenant13@example.com', '(415)555-1013', 'Emergency Contact 13', '(415)555-2013', 'Parent', 'BLD_HAYES', 'ACTIVE', 5250, 'CURRENT', NULL, '2025-06-25T18:21:42.729603+00:00', '2025-06-25T18:21:42.729603+00:00', true, 'EMAIL', 'ACTIVE', NULL, NULL, NULL, false, NULL, false, NULL, false, NULL);
INSERT INTO tenants (tenant_id, tenant_name, room_id, room_number, lease_start_date, lease_end_date, operator_id, booking_type, tenant_nationality, tenant_email, phone, emergency_contact_name, emergency_contact_phone, emergency_contact_relation, building_id, status, deposit_amount, payment_status, special_requests, created_at, last_modified, payment_reminders_enabled, communication_preferences, account_status, last_payment_date, next_payment_date, rent_payment_method, has_pets, pet_details, has_vehicles, vehicle_details, has_renters_insurance, insurance_details) VALUES ('TNT_014', 'Tenant 14', 'BLD_SOMA_R401', '401', '2025-05-29', '2025-11-25', 2, 'CORPORATE', 'F1-VISA', 'tenant14@example.com', '(415)555-1014', 'Emergency Contact 14', '(415)555-2014', 'Parent', 'BLD_SOMA', 'ACTIVE', 5244, 'LATE', NULL, '2025-06-25T18:21:42.729603+00:00', '2025-06-25T18:21:42.729603+00:00', true, 'EMAIL', 'ACTIVE', NULL, NULL, NULL, false, NULL, false, NULL, false, NULL);
INSERT INTO tenants (tenant_id, tenant_name, room_id, room_number, lease_start_date, lease_end_date, operator_id, booking_type, tenant_nationality, tenant_email, phone, emergency_contact_name, emergency_contact_phone, emergency_contact_relation, building_id, status, deposit_amount, payment_status, special_requests, created_at, last_modified, payment_reminders_enabled, communication_preferences, account_status, last_payment_date, next_payment_date, rent_payment_method, has_pets, pet_details, has_vehicles, vehicle_details, has_renters_insurance, insurance_details) VALUES ('TNT_015', 'Tenant 15', 'BLD_HAYES_R401', '401', '2025-01-10', '2025-07-09', 4, 'STUDENT', 'F1-VISA', 'tenant15@example.com', '(415)555-1015', 'Emergency Contact 15', '(415)555-2015', 'Sibling', 'BLD_HAYES', 'ACTIVE', 5750, 'CURRENT', NULL, '2025-06-25T18:21:42.729603+00:00', '2025-06-25T18:21:42.729603+00:00', true, 'EMAIL', 'ACTIVE', NULL, NULL, NULL, false, NULL, false, NULL, false, NULL);

-- LEADS DATA
INSERT INTO leads (lead_id, email, status, interaction_count, rooms_interested, selected_room_id, showing_dates, planned_move_in, planned_move_out, visa_status, notes, created_at, last_modified, lead_score, lead_source, preferred_communication, budget_min, budget_max, preferred_move_in_date, preferred_lease_term, additional_preferences, last_contacted, next_follow_up) VALUES ('LEAD_001', 'sarah.smith@email.com', 'EXPLORING', 2, '["BLD_MISSION_R201"]', NULL, NULL, NULL, NULL, 'US-CITIZEN', NULL, '2025-06-25T18:21:42.737789+00:00', '2025-06-25T18:21:42.737789+00:00', 0, NULL, 'EMAIL', NULL, NULL, NULL, NULL, NULL, NULL, NULL);
INSERT INTO leads (lead_id, email, status, interaction_count, rooms_interested, selected_room_id, showing_dates, planned_move_in, planned_move_out, visa_status, notes, created_at, last_modified, lead_score, lead_source, preferred_communication, budget_min, budget_max, preferred_move_in_date, preferred_lease_term, additional_preferences, last_contacted, next_follow_up) VALUES ('LEAD_002', 'john.doe@email.com', 'EXPLORING', 5, '["BLD_MISSION_R201", "BLD_SOMA_R101", "BLD_MARKET_R101"]', NULL, NULL, NULL, NULL, 'F1-VISA', NULL, '2025-06-25T18:21:42.737789+00:00', '2025-06-25T18:21:42.737789+00:00', 0, NULL, 'EMAIL', NULL, NULL, NULL, NULL, NULL, NULL, NULL);
INSERT INTO leads (lead_id, email, status, interaction_count, rooms_interested, selected_room_id, showing_dates, planned_move_in, planned_move_out, visa_status, notes, created_at, last_modified, lead_score, lead_source, preferred_communication, budget_min, budget_max, preferred_move_in_date, preferred_lease_term, additional_preferences, last_contacted, next_follow_up) VALUES ('LEAD_003', 'emily.wong@email.com', 'SHOWING_SCHEDULED', 8, '["BLD_SOMA_R101", "BLD_MARKET_R101"]', 'BLD_SOMA_R101', '["2024-12-20 14:00:00", "2024-12-21 11:00:00"]', '2025-01-15', '2025-07-15', 'H1B-VISA', NULL, '2025-06-25T18:21:42.737789+00:00', '2025-06-25T18:21:42.737789+00:00', 0, NULL, 'EMAIL', NULL, NULL, NULL, NULL, NULL, NULL, NULL);
INSERT INTO leads (lead_id, email, status, interaction_count, rooms_interested, selected_room_id, showing_dates, planned_move_in, planned_move_out, visa_status, notes, created_at, last_modified, lead_score, lead_source, preferred_communication, budget_min, budget_max, preferred_move_in_date, preferred_lease_term, additional_preferences, last_contacted, next_follow_up) VALUES ('LEAD_004', 'michael.chen@email.com', 'BACKGROUND_CHECK', 10, '["BLD_MARINA_R101"]', 'BLD_MARINA_R101', '["2024-12-18 15:00:00"]', '2025-01-01', '2025-12-31', 'PERMANENT-RESIDENT', NULL, '2025-06-25T18:21:42.737789+00:00', '2025-06-25T18:21:42.737789+00:00', 0, NULL, 'EMAIL', NULL, NULL, NULL, NULL, NULL, NULL, NULL);
INSERT INTO leads (lead_id, email, status, interaction_count, rooms_interested, selected_room_id, showing_dates, planned_move_in, planned_move_out, visa_status, notes, created_at, last_modified, lead_score, lead_source, preferred_communication, budget_min, budget_max, preferred_move_in_date, preferred_lease_term, additional_preferences, last_contacted, next_follow_up) VALUES ('LEAD_005', 'anna.garcia@email.com', 'LEASE_REQUESTED', 12, '["BLD_HAYES_R201"]', 'BLD_HAYES_R201', '["2024-12-17 10:00:00"]', '2025-02-01', '2026-01-31', 'US-CITIZEN', NULL, '2025-06-25T18:21:42.737789+00:00', '2025-06-25T18:21:42.737789+00:00', 0, NULL, 'EMAIL', NULL, NULL, NULL, NULL, NULL, NULL, NULL);
INSERT INTO leads (lead_id, email, status, interaction_count, rooms_interested, selected_room_id, showing_dates, planned_move_in, planned_move_out, visa_status, notes, created_at, last_modified, lead_score, lead_source, preferred_communication, budget_min, budget_max, preferred_move_in_date, preferred_lease_term, additional_preferences, last_contacted, next_follow_up) VALUES ('LEAD_006', 'david.kim@email.com', 'APPROVED', 15, '["BLD_MISSION_R201"]', 'BLD_MISSION_R201', '["2024-12-15 13:00:00"]', '2025-01-10', '2025-07-10', 'F1-VISA', NULL, '2025-06-25T18:21:42.737789+00:00', '2025-06-25T18:21:42.737789+00:00', 0, NULL, 'EMAIL', NULL, NULL, NULL, NULL, NULL, NULL, NULL);
INSERT INTO leads (lead_id, email, status, interaction_count, rooms_interested, selected_room_id, showing_dates, planned_move_in, planned_move_out, visa_status, notes, created_at, last_modified, lead_score, lead_source, preferred_communication, budget_min, budget_max, preferred_move_in_date, preferred_lease_term, additional_preferences, last_contacted, next_follow_up) VALUES ('LEAD_007', 'lisa.taylor@email.com', 'REJECTED', 6, '["BLD_SOMA_R101"]', 'BLD_SOMA_R101', '["2024-12-14 16:00:00"]', '2025-01-05', '2025-06-05', 'OTHER', NULL, '2025-06-25T18:21:42.737789+00:00', '2025-06-25T18:21:42.737789+00:00', 0, NULL, 'EMAIL', NULL, NULL, NULL, NULL, NULL, NULL, NULL);

